as_of,fund_name,cusip,ticker,record_date,ex_dividend_date,payable_date,income_dividends,short_term_capital_gain,total_capital_gain_distribution
2021-12-31,iShares MSCI All Country Asia ex Japan ETF,,AAXJ,12/14/2021,12/13/2021,12/17/2021,1.545766,,
2021-12-31,iShares MSCI Global Multifactor ETF,,ACWF,12/14/2021,12/13/2021,12/17/2021,0.416389,,
2021-12-31,iShares MSCI ACWI ETF,,ACWI,12/14/2021,12/13/2021,12/17/2021,1.016979,,
2021-12-31,iShares MSCI ACWI ETF,,ACWI,12/31/2021,12/30/2021,01/05/2022,0.071330,,
2021-12-31,iShares MSCI Global Min Vol Factor ETF,,ACWV,12/14/2021,12/13/2021,12/17/2021,1.127544,,
2021-12-31,iShares MSCI ACWI ex U.S. ETF,,ACWX,12/14/2021,12/13/2021,12/17/2021,0.818341,,
2021-12-31,iShares MSCI ACWI ex U.S. ETF,,ACWX,12/31/2021,12/30/2021,01/05/2022,0.085487,,
2021-12-31,iShares Core U.S. Aggregate Bond ETF,,AGG,12/02/2021,12/01/2021,12/07/2021,0.161785,,
2021-12-31,iShares Core U.S. Aggregate Bond ETF,,AGG,12/17/2021,12/16/2021,12/22/2021,0.116542,,
2021-12-31,iShares MSCI Argentina and Global Exposure ETF,,AGT,12/14/2021,12/13/2021,12/17/2021,0.233806,,
2021-12-31,iShares Agency Bond ETF,,AGZ,12/02/2021,12/01/2021,12/07/2021,0.372181,,
2021-12-31,iShares Agency Bond ETF,,AGZ,12/17/2021,12/16/2021,12/22/2021,0.083933,,
2021-12-31,iShares Asia 50 ETF,,AIA,12/14/2021,12/13/2021,12/17/2021,0.725996,,
2021-12-31,iShares Core Aggressive Allocation ETF,,AOA,12/27/2021,12/23/2021,12/30/2021,0.565524,,
2021-12-31,iShares Core Conservative Allocation ETF,,AOK,12/03/2021,12/02/2021,12/08/2021,0.026605,,
2021-12-31,iShares Core Conservative Allocation ETF,,AOK,12/27/2021,12/23/2021,12/30/2021,0.171927,,
2021-12-31,iShares Core Moderate Allocation ETF,,AOM,12/27/2021,12/23/2021,12/30/2021,0.285520,,
2021-12-31,iShares Core Growth Allocation ETF,,AOR,12/27/2021,12/23/2021,12/30/2021,0.406524,,
2021-12-31,BlackRock Future Climate and Sustainable Economy ETF,,BECO,12/14/2021,12/13/2021,12/17/2021,0.038510,,
2021-12-31,iShares Global Green Bond ETF,,BGRN,12/17/2021,12/16/2021,12/22/2021,0.423446,,
2021-12-31,iShares MSCI BRIC ETF,,BKF,12/14/2021,12/13/2021,12/17/2021,1.107385,,
2021-12-31,iShares MSCI BRIC ETF,,BKF,12/31/2021,12/30/2021,01/05/2022,0.037809,,
2021-12-31,iShares Yield Optimized Bond ETF,,BYLD,12/03/2021,12/02/2021,12/08/2021,0.035942,,
2021-12-31,iShares Yield Optimized Bond ETF,,BYLD,12/27/2021,12/23/2021,12/30/2021,0.035230,,
2021-12-31,iShares Commodity Curve Carry Strategy ETF,,CCRV,12/14/2021,12/13/2021,12/17/2021,5.895184,,
2021-12-31,iShares J.P. Morgan EM Corporate Bond ETF,,CEMB,12/02/2021,12/01/2021,12/07/2021,0.146384,,
2021-12-31,iShares J.P. Morgan EM Corporate Bond ETF,,CEMB,12/17/2021,12/16/2021,12/22/2021,0.190883,,
2021-12-31,iShares CMBS ETF,,CMBS,12/02/2021,12/01/2021,12/07/2021,0.214526,,
2021-12-31,iShares CMBS ETF,,CMBS,12/17/2021,12/16/2021,12/22/2021,0.097187,,
2021-12-31,iShares Bloomberg Roll Select Commodity Strategy ETF,,CMDY,12/14/2021,12/13/2021,12/17/2021,7.961972,,
2021-12-31,iShares California Muni Bond ETF,,CMF,12/02/2021,12/01/2021,12/07/2021,0.080060,,
2021-12-31,iShares California Muni Bond ETF,,CMF,12/17/2021,12/16/2021,12/22/2021,0.080033,,
2021-12-31,iShares MSCI China A ETF,,CNYA,12/14/2021,12/13/2021,12/17/2021,0.410520,,
2021-12-31,iShares GSCI Commodity Dynamic Roll Strategy ETF,,COMT,12/14/2021,12/13/2021,12/17/2021,5.494133,,
2021-12-31,iShares MSCI ACWI Low Carbon Target ETF,,CRBN,12/14/2021,12/13/2021,12/17/2021,1.409705,,
2021-12-31,iShares MSCI ACWI Low Carbon Target ETF,,CRBN,12/31/2021,12/30/2021,01/05/2022,0.167118,,
2021-12-31,iShares Core Dividend Growth ETF,,DGRO,12/14/2021,12/13/2021,12/17/2021,0.298984,,
2021-12-31,iShares U.S. Dividend and Buyback ETF,,DIVB,12/14/2021,12/13/2021,12/17/2021,0.211074,,
2021-12-31,iShares ESG Advanced MSCI EAFE ETF,,DMXF,12/14/2021,12/13/2021,12/17/2021,0.669564,,
2021-12-31,iShares ESG Advanced MSCI EAFE ETF,,DMXF,12/31/2021,12/30/2021,01/05/2022,0.018710,,
2021-12-31,iShares MSCI KLD 400 Social ETF,,DSI,12/14/2021,12/13/2021,12/17/2021,0.269104,,
2021-12-31,iShares Select Dividend ETF,,DVY,12/14/2021,12/13/2021,12/17/2021,0.837315,,
2021-12-31,iShares Asia/Pacific Dividend ETF,,DVYA,12/14/2021,12/13/2021,12/17/2021,0.557173,,
2021-12-31,iShares Emerging Markets Dividend ETF,,DVYE,12/14/2021,12/13/2021,12/17/2021,0.443650,,
2021-12-31,iShares Emerging Markets Dividend ETF,,DVYE,12/31/2021,12/30/2021,01/05/2022,0.090593,,
2021-12-31,BlackRock U.S. Equity Factor Rotation ETF,,DYNF,12/14/2021,12/13/2021,12/17/2021,1.661167,,
2021-12-31,iShares ESG Aware U.S. Aggregate Bond ETF,,EAGG,12/02/2021,12/01/2021,12/07/2021,0.049278,,
2021-12-31,iShares ESG Aware U.S. Aggregate Bond ETF,,EAGG,12/17/2021,12/16/2021,12/22/2021,0.043519,,
2021-12-31,iShares ESG Aware Aggressive Allocation ETF,,EAOA,12/27/2021,12/23/2021,12/30/2021,0.210196,,
2021-12-31,iShares ESG Aware Aggressive Allocation ETF,,EAOA,12/31/2021,12/30/2021,01/05/2022,0.010835,,
2021-12-31,iShares ESG Aware Conservative Allocation ETF,,EAOK,12/03/2021,12/02/2021,12/08/2021,0.016052,,
2021-12-31,iShares ESG Aware Conservative Allocation ETF,,EAOK,12/27/2021,12/23/2021,12/30/2021,0.073814,,
2021-12-31,iShares ESG Aware Moderate Allocation ETF,,EAOM,12/27/2021,12/23/2021,12/30/2021,0.143630,,
2021-12-31,iShares ESG Aware Moderate Allocation ETF,,EAOM,12/31/2021,12/30/2021,01/05/2022,0.006841,,
2021-12-31,iShares ESG Aware Growth Allocation ETF,,EAOR,12/27/2021,12/23/2021,12/30/2021,0.175614,,
2021-12-31,iShares ESG Aware Growth Allocation ETF,,EAOR,12/31/2021,12/30/2021,01/05/2022,0.006071,,
2021-12-31,iShares MSCI Chile ETF,,ECH,12/14/2021,12/13/2021,12/17/2021,0.682269,,
2021-12-31,iShares MSCI Chile ETF,,ECH,12/31/2021,12/30/2021,01/05/2022,0.088482,,
2021-12-31,iShares MSCI China Small-Cap ETF,,ECNS,12/14/2021,12/13/2021,12/17/2021,1.776462,,
2021-12-31,iShares MSCI Denmark ETF,,EDEN,12/14/2021,12/13/2021,12/17/2021,0.028462,,
2021-12-31,iShares MSCI Emerging Markets ETF,,EEM,12/14/2021,12/13/2021,12/17/2021,0.706827,,
2021-12-31,iShares MSCI Emerging Markets ETF,,EEM,12/31/2021,12/30/2021,01/05/2022,0.026007,,
2021-12-31,iShares MSCI Emerging Markets Asia ETF,,EEMA,12/14/2021,12/13/2021,12/17/2021,1.675929,,
2021-12-31,iShares MSCI Emerging Markets Small-Cap ETF,,EEMS,12/14/2021,12/13/2021,12/17/2021,1.708788,,
2021-12-31,iShares MSCI Emerging Markets Small-Cap ETF,,EEMS,12/31/2021,12/30/2021,01/05/2022,0.050342,,
2021-12-31,iShares MSCI Emerging Markets Min Vol Factor ETF,,EEMV,12/14/2021,12/13/2021,12/17/2021,0.819185,,
2021-12-31,iShares MSCI EAFE ETF,,EFA,12/14/2021,12/13/2021,12/17/2021,1.352231,,
2021-12-31,iShares MSCI EAFE ETF,,EFA,12/31/2021,12/30/2021,01/05/2022,0.163147,,
2021-12-31,iShares MSCI EAFE Min Vol Factor ETF,,EFAV,12/14/2021,12/13/2021,12/17/2021,0.634112,,
2021-12-31,iShares MSCI EAFE Growth ETF,,EFG,12/14/2021,12/13/2021,12/17/2021,0.680892,,
2021-12-31,iShares MSCI EAFE Growth ETF,,EFG,12/31/2021,12/30/2021,01/05/2022,0.125151,,
2021-12-31,iShares MSCI Finland ETF,,EFNL,12/14/2021,12/13/2021,12/17/2021,0.292554,,
2021-12-31,iShares MSCI EAFE Value ETF,,EFV,12/14/2021,12/13/2021,12/17/2021,1.067540,,
2021-12-31,iShares MSCI EAFE Value ETF,,EFV,12/31/2021,12/30/2021,01/05/2022,0.105551,,
2021-12-31,iShares MSCI Indonesia ETF,,EIDO,12/14/2021,12/13/2021,12/17/2021,0.163158,,
2021-12-31,iShares MSCI Ireland ETF,,EIRL,12/14/2021,12/13/2021,12/17/2021,0.130497,,
2021-12-31,iShares MSCI Israel ETF,,EIS,12/14/2021,12/13/2021,12/17/2021,0.693439,,
2021-12-31,iShares ESG Advanced Investment Grade Corporate Bond ETF,,ELQD,12/17/2021,12/16/2021,12/22/2021,0.288636,,
2021-12-31,iShares J.P. Morgan USD Emerging Markets Bond ETF,,EMB,12/02/2021,12/01/2021,12/07/2021,0.356978,,
2021-12-31,iShares J.P. Morgan USD Emerging Markets Bond ETF,,EMB,12/17/2021,12/16/2021,12/22/2021,0.367541,,
2021-12-31,iShares Interest Rate Hedged Emerging Markets Bond ETF,,EMBH,12/03/2021,12/02/2021,12/08/2021,0.071094,,
2021-12-31,iShares Interest Rate Hedged Emerging Markets Bond ETF,,EMBH,12/27/2021,12/23/2021,12/30/2021,0.063416,,
2021-12-31,iShares MSCI Emerging Markets Multifactor ETF,,EMGF,12/14/2021,12/13/2021,12/17/2021,0.901040,,
2021-12-31,iShares MSCI Emerging Markets Multifactor ETF,,EMGF,12/31/2021,12/30/2021,01/05/2022,0.028688,,
2021-12-31,iShares J.P. Morgan EM High Yield Bond ETF,,EMHY,12/02/2021,12/01/2021,12/07/2021,0.181786,,
2021-12-31,iShares J.P. Morgan EM High Yield Bond ETF,,EMHY,12/17/2021,12/16/2021,12/22/2021,0.217671,,
2021-12-31,iShares Emerging Markets Infrastructure ETF,,EMIF,12/14/2021,12/13/2021,12/17/2021,0.285851,,
2021-12-31,iShares MSCI Emerging Markets ex China ETF,,EMXC,12/14/2021,12/13/2021,12/17/2021,0.782877,,
2021-12-31,iShares MSCI Emerging Markets ex China ETF,,EMXC,12/31/2021,12/30/2021,01/05/2022,0.042482,,
2021-12-31,iShares ESG Advanced MSCI EM ETF,,EMXF,12/14/2021,12/13/2021,12/17/2021,0.622730,,
2021-12-31,iShares MSCI Norway ETF,,ENOR,12/14/2021,12/13/2021,12/17/2021,0.243794,,
2021-12-31,iShares MSCI New Zealand ETF,,ENZL,12/14/2021,12/13/2021,12/17/2021,0.888351,,
2021-12-31,iShares MSCI Philippines ETF,,EPHE,12/14/2021,12/13/2021,12/17/2021,0.117639,,
2021-12-31,iShares MSCI Poland ETF,,EPOL,12/14/2021,12/13/2021,12/17/2021,0.219272,,
2021-12-31,iShares MSCI Pacific ex Japan ETF,,EPP,12/14/2021,12/13/2021,12/17/2021,1.269293,,
2021-12-31,iShares MSCI Pacific ex Japan ETF,,EPP,12/31/2021,12/30/2021,01/05/2022,0.294704,,
2021-12-31,iShares MSCI Peru ETF,,EPU,12/14/2021,12/13/2021,12/17/2021,0.666136,,
2021-12-31,iShares MSCI Russia ETF,,ERUS,12/14/2021,12/13/2021,12/17/2021,1.638166,,
2021-12-31,iShares MSCI Russia ETF,,ERUS,12/31/2021,12/30/2021,01/05/2022,0.062320,,
2021-12-31,iShares ESG Aware MSCI EAFE ETF,,ESGD,12/14/2021,12/13/2021,12/17/2021,1.006791,,
2021-12-31,iShares ESG Aware MSCI EAFE ETF,,ESGD,12/31/2021,12/30/2021,01/05/2022,0.113728,,
2021-12-31,iShares ESG Aware MSCI EM ETF,,ESGE,12/14/2021,12/13/2021,12/17/2021,0.830625,,
2021-12-31,iShares ESG Aware MSCI USA ETF,,ESGU,12/14/2021,12/13/2021,12/17/2021,0.309022,,
2021-12-31,iShares ESG Aware MSCI USA Small-Cap ETF,,ESML,12/14/2021,12/13/2021,12/17/2021,0.092933,,
2021-12-31,iShares ESG MSCI USA Min Vol Factor ETF,,ESMV,12/14/2021,12/13/2021,12/17/2021,0.061280,,
2021-12-31,iShares MSCI Europe Financials ETF,,EUFN,12/14/2021,12/13/2021,12/17/2021,0.414288,,
2021-12-31,iShares MSCI USA Equal Weighted ETF,,EUSA,12/14/2021,12/13/2021,12/17/2021,0.318897,,
2021-12-31,iShares ESG Advanced Total USD Bond Market ETF,,EUSB,12/02/2021,12/01/2021,12/07/2021,0.049098,,
2021-12-31,iShares ESG Advanced Total USD Bond Market ETF,,EUSB,12/17/2021,12/16/2021,12/22/2021,0.040610,,
2021-12-31,iShares MSCI Australia ETF,,EWA,12/14/2021,12/13/2021,12/17/2021,0.666530,,
2021-12-31,iShares MSCI Australia ETF,,EWA,12/31/2021,12/30/2021,01/05/2022,0.219370,,
2021-12-31,iShares MSCI Canada ETF,,EWC,12/14/2021,12/13/2021,12/17/2021,0.478023,,
2021-12-31,iShares MSCI Sweden ETF,,EWD,12/14/2021,12/13/2021,12/17/2021,1.204093,,
2021-12-31,iShares MSCI Sweden ETF,,EWD,12/31/2021,12/30/2021,01/05/2022,0.203325,,
2021-12-31,iShares MSCI Germany ETF,,EWG,12/14/2021,12/13/2021,12/17/2021,0.035803,,
2021-12-31,iShares MSCI Germany ETF,,EWG,12/31/2021,12/30/2021,01/05/2022,0.247269,,
2021-12-31,iShares MSCI Germany Small-Cap ETF,,EWGS,12/14/2021,12/13/2021,12/17/2021,0.373846,,
2021-12-31,iShares MSCI Hong Kong ETF,,EWH,12/14/2021,12/13/2021,12/17/2021,0.254116,,
2021-12-31,iShares MSCI Hong Kong ETF,,EWH,12/31/2021,12/30/2021,01/05/2022,0.008292,,
2021-12-31,iShares MSCI Italy ETF,,EWI,12/14/2021,12/13/2021,12/17/2021,0.451806,,
2021-12-31,iShares MSCI Japan ETF,,EWJ,12/14/2021,12/13/2021,12/17/2021,0.888134,,
2021-12-31,iShares MSCI Japan Equal Weighted ETF,,EWJE,12/14/2021,12/13/2021,12/17/2021,0.655775,,
2021-12-31,iShares MSCI Japan Value ETF,,EWJV,12/14/2021,12/13/2021,12/17/2021,0.391606,,
2021-12-31,iShares MSCI Belgium ETF,,EWK,12/14/2021,12/13/2021,12/17/2021,0.524382,,
2021-12-31,iShares MSCI Malaysia ETF,,EWM,12/14/2021,12/13/2021,12/17/2021,0.781963,,
2021-12-31,iShares MSCI Netherlands ETF,,EWN,12/14/2021,12/13/2021,12/17/2021,0.180668,,
2021-12-31,iShares MSCI Austria ETF,,EWO,12/14/2021,12/13/2021,12/17/2021,0.380982,,
2021-12-31,iShares MSCI Spain ETF,,EWP,12/14/2021,12/13/2021,12/17/2021,0.435262,,
2021-12-31,iShares MSCI France ETF,,EWQ,12/14/2021,12/13/2021,12/17/2021,1.037110,,
2021-12-31,iShares MSCI Singapore ETF,,EWS,12/14/2021,12/13/2021,12/17/2021,1.003158,,
2021-12-31,iShares MSCI Taiwan ETF,,EWT,12/14/2021,12/13/2021,12/17/2021,1.760254,,
2021-12-31,iShares MSCI United Kingdom ETF,,EWU,12/14/2021,12/13/2021,12/17/2021,0.875698,,
2021-12-31,iShares MSCI United Kingdom Small-Cap ETF,,EWUS,12/14/2021,12/13/2021,12/17/2021,1.340077,,
2021-12-31,iShares MSCI United Kingdom Small-Cap ETF,,EWUS,12/31/2021,12/30/2021,01/05/2022,0.051819,,
2021-12-31,iShares MSCI Mexico ETF,,EWW,12/14/2021,12/13/2021,12/17/2021,0.657687,,
2021-12-31,iShares MSCI South Korea ETF,,EWY,12/14/2021,12/13/2021,12/17/2021,1.678518,,
2021-12-31,iShares MSCI Brazil ETF,,EWZ,12/14/2021,12/13/2021,12/17/2021,1.983642,,
2021-12-31,iShares MSCI Brazil ETF,,EWZ,12/31/2021,12/30/2021,01/05/2022,0.160947,,
2021-12-31,iShares MSCI Brazil Small-Cap ETF,,EWZS,12/14/2021,12/13/2021,12/17/2021,0.341423,,
2021-12-31,iShares MSCI Brazil Small-Cap ETF,,EWZS,12/31/2021,12/30/2021,01/05/2022,0.034328,,
2021-12-31,iShares Global Industrials ETF,,EXI,12/14/2021,12/13/2021,12/17/2021,0.632115,,
2021-12-31,iShares Global Industrials ETF,,EXI,12/31/2021,12/30/2021,01/05/2022,0.176453,,
2021-12-31,iShares MSCI South Africa ETF,,EZA,12/14/2021,12/13/2021,12/17/2021,0.457656,,
2021-12-31,iShares MSCI Eurozone ETF,,EZU,12/14/2021,12/13/2021,12/17/2021,0.599638,,
2021-12-31,iShares MSCI Eurozone ETF,,EZU,12/31/2021,12/30/2021,01/05/2022,0.121049,,
2021-12-31,iShares Fallen Angels USD Bond ETF,,FALN,12/02/2021,12/01/2021,12/07/2021,0.076607,,
2021-12-31,iShares Fallen Angels USD Bond ETF,,FALN,12/17/2021,12/16/2021,12/22/2021,0.088155,,
2021-12-31,iShares U.S. Fixed Income Balanced Risk Factor ETF,,FIBR,12/02/2021,12/01/2021,12/07/2021,0.132044,,
2021-12-31,iShares U.S. Fixed Income Balanced Risk Factor ETF,,FIBR,12/17/2021,12/16/2021,12/22/2021,0.082876,,
2021-12-31,iShares MSCI Global Energy Producers ETF,,FILL,12/14/2021,12/13/2021,12/17/2021,0.461889,,
2021-12-31,iShares Floating Rate Bond ETF,,FLOT,12/02/2021,12/01/2021,12/07/2021,0.015144,,
2021-12-31,iShares Floating Rate Bond ETF,,FLOT,12/17/2021,12/16/2021,12/22/2021,0.017101,,
2021-12-31,iShares MSCI Frontier and Select EM ETF,,FM,12/14/2021,12/13/2021,12/17/2021,0.212318,,
2021-12-31,iShares MSCI Frontier and Select EM ETF,,FM,12/31/2021,12/30/2021,01/05/2022,0.002010,,
2021-12-31,iShares Focused Value Factor ETF,,FOVL,12/14/2021,12/13/2021,12/17/2021,0.322644,,
2021-12-31,iShares China Large-Cap ETF,,FXI,12/14/2021,12/13/2021,12/17/2021,0.434302,,
2021-12-31,iShares Government/Credit Bond ETF,,GBF,12/02/2021,12/01/2021,12/07/2021,0.124729,,
2021-12-31,iShares Government/Credit Bond ETF,,GBF,12/17/2021,12/16/2021,12/22/2021,0.137342,,
2021-12-31,iShares US & Intl High Yield Corp Bond ETF,,GHYG,12/02/2021,12/01/2021,12/07/2021,0.177525,,
2021-12-31,iShares US & Intl High Yield Corp Bond ETF,,GHYG,12/17/2021,12/16/2021,12/22/2021,0.226203,,
2021-12-31,iShares GNMA Bond ETF,,GNMA,12/02/2021,12/01/2021,12/07/2021,0.006396,,
2021-12-31,iShares GNMA Bond ETF,,GNMA,12/17/2021,12/16/2021,12/22/2021,0.003815,,
2021-12-31,iShares U.S. Treasury Bond ETF,,GOVT,12/02/2021,12/01/2021,12/07/2021,0.021845,,
2021-12-31,iShares U.S. Treasury Bond ETF,,GOVT,12/17/2021,12/16/2021,12/22/2021,0.023671,,
2021-12-31,iShares 25+ Year Treasury STRIPS Bond ETF,,GOVZ,12/02/2021,12/01/2021,12/07/2021,0.037050,,
2021-12-31,iShares 25+ Year Treasury STRIPS Bond ETF,,GOVZ,12/17/2021,12/16/2021,12/22/2021,0.045497,,
2021-12-31,iShares Intermediate Government/Credit Bond ETF,,GVI,12/02/2021,12/01/2021,12/07/2021,0.126661,,
2021-12-31,iShares Intermediate Government/Credit Bond ETF,,GVI,12/17/2021,12/16/2021,12/22/2021,0.131003,,
2021-12-31,iShares Currency Hedged MSCI ACWI ex U.S. ETF,,HAWX,12/27/2021,12/23/2021,12/30/2021,0.473691,,
2021-12-31,iShares Currency Hedged MSCI ACWI ex U.S. ETF,,HAWX,12/31/2021,12/30/2021,01/05/2022,0.049893,,
2021-12-31,iShares Core High Dividend ETF,,HDV,12/14/2021,12/13/2021,12/17/2021,1.051454,,
2021-12-31,iShares Currency Hedged MSCI Emerging Markets ETF,,HEEM,12/27/2021,12/23/2021,12/30/2021,0.413518,,
2021-12-31,iShares Currency Hedged MSCI Emerging Markets ETF,,HEEM,12/31/2021,12/30/2021,01/05/2022,0.015802,,
2021-12-31,iShares Currency Hedged MSCI EAFE ETF,,HEFA,12/27/2021,12/23/2021,12/30/2021,0.601206,,
2021-12-31,iShares Currency Hedged MSCI Canada ETF,,HEWC,12/27/2021,12/23/2021,12/30/2021,0.823375,,
2021-12-31,iShares Currency Hedged MSCI Germany ETF,,HEWG,12/27/2021,12/23/2021,12/30/2021,0.033909,,
2021-12-31,iShares Currency Hedged MSCI Germany ETF,,HEWG,12/31/2021,12/30/2021,01/05/2022,0.247077,,
2021-12-31,iShares Currency Hedged MSCI Japan ETF,,HEWJ,12/27/2021,12/23/2021,12/30/2021,0.516537,,
2021-12-31,iShares Currency Hedged MSCI United Kingdom ETF,,HEWU,12/27/2021,12/23/2021,12/30/2021,0.633460,,
2021-12-31,iShares Currency Hedged MSCI Eurozone ETF,,HEZU,12/27/2021,12/23/2021,12/30/2021,0.460780,,
2021-12-31,iShares Currency Hedged JPX-Nikkei 400 ETF,,HJPX,12/27/2021,12/23/2021,12/30/2021,0.631540,,
2021-12-31,iShares Currency Hedged MSCI EAFE Small-Cap ETF,,HSCZ,12/27/2021,12/23/2021,12/30/2021,0.721659,,
2021-12-31,iShares Currency Hedged MSCI EAFE Small-Cap ETF,,HSCZ,12/31/2021,12/30/2021,01/05/2022,0.002667,,
2021-12-31,iShares BB Rated Corporate Bond ETF,,HYBB,12/02/2021,12/01/2021,12/07/2021,0.326764,,
2021-12-31,iShares BB Rated Corporate Bond ETF,,HYBB,12/17/2021,12/16/2021,12/22/2021,0.181168,,
2021-12-31,iShares High Yield Bond Factor ETF,,HYDB,12/02/2021,12/01/2021,12/07/2021,0.215593,,
2021-12-31,iShares High Yield Bond Factor ETF,,HYDB,12/17/2021,12/16/2021,12/22/2021,0.214298,,
2021-12-31,iShares iBoxx $ High Yield Corporate Bond ETF,,HYG,12/02/2021,12/01/2021,12/07/2021,0.281508,,
2021-12-31,iShares iBoxx $ High Yield Corporate Bond ETF,,HYG,12/17/2021,12/16/2021,12/22/2021,0.296230,,
2021-12-31,iShares Interest Rate Hedged High Yield Bond ETF,,HYGH,12/03/2021,12/02/2021,12/08/2021,0.260288,,
2021-12-31,iShares Interest Rate Hedged High Yield Bond ETF,,HYGH,12/27/2021,12/23/2021,12/30/2021,0.303372,,
2021-12-31,BlackRock High Yield Muni Income Bond ETF,,HYMU,12/02/2021,12/01/2021,12/07/2021,0.320005,,
2021-12-31,BlackRock High Yield Muni Income Bond ETF,,HYMU,12/17/2021,12/16/2021,12/22/2021,0.063314,,
2021-12-31,iShares ESG Advanced High Yield Corporate Bond ETF,,HYXF,12/02/2021,12/01/2021,12/07/2021,0.465142,,
2021-12-31,iShares ESG Advanced High Yield Corporate Bond ETF,,HYXF,12/17/2021,12/16/2021,12/22/2021,0.178363,,
2021-12-31,iShares International High Yield Bond ETF,,HYXU,12/17/2021,12/16/2021,12/22/2021,1.617682,,
2021-12-31,iShares Core International Aggregate Bond ETF,,IAGG,12/17/2021,12/16/2021,12/22/2021,0.631729,,
2021-12-31,iShares U.S. Broker-Dealers & Securities Exchanges ETF,,IAI,12/14/2021,12/13/2021,12/17/2021,0.516568,,
2021-12-31,iShares U.S. Insurance ETF,,IAK,12/14/2021,12/13/2021,12/17/2021,0.395237,,
2021-12-31,iShares U.S. Insurance ETF,,IAK,12/31/2021,12/30/2021,01/05/2022,0.117738,,
2021-12-31,iShares U.S. Regional Banks ETF,,IAT,12/14/2021,12/13/2021,12/17/2021,0.398120,,
2021-12-31,iShares Biotechnology ETF,,IBB,12/14/2021,12/13/2021,12/17/2021,0.041285,,
2021-12-31,iShares Cohen & Steers REIT ETF,,ICF,12/14/2021,12/13/2021,12/17/2021,0.566544,,
2021-12-31,iShares Global Clean Energy ETF,,ICLN,12/14/2021,12/13/2021,12/17/2021,0.114290,,
2021-12-31,iShares Global Clean Energy ETF,,ICLN,12/31/2021,12/30/2021,01/05/2022,0.012314,,
2021-12-31,iShares MSCI Colombia ETF,,ICOL,12/14/2021,12/13/2021,12/17/2021,0.070135,,
2021-12-31,BlackRock Ultra Short-Term Bond ETF,,ICSH,12/02/2021,12/01/2021,12/07/2021,0.015650,,
2021-12-31,BlackRock Ultra Short-Term Bond ETF,,ICSH,12/17/2021,12/16/2021,12/22/2021,0.015005,,
2021-12-31,iShares Convertible Bond ETF,,ICVT,12/02/2021,12/01/2021,12/07/2021,5.911443,,
2021-12-31,iShares Convertible Bond ETF,,ICVT,12/17/2021,12/16/2021,12/22/2021,0.361217,,
2021-12-31,iShares Cloud 5G and Tech ETF,,IDAT,12/14/2021,12/13/2021,12/17/2021,0.138882,,
2021-12-31,iShares Core MSCI International Developed Markets ETF,,IDEV,12/14/2021,12/13/2021,12/17/2021,1.095980,,
2021-12-31,iShares Core MSCI International Developed Markets ETF,,IDEV,12/31/2021,12/30/2021,01/05/2022,0.080989,,
2021-12-31,iShares Genomics Immunology and Healthcare ETF,,IDNA,12/14/2021,12/13/2021,12/17/2021,0.256358,,
2021-12-31,iShares Self-Driving EV and Tech ETF,,IDRV,12/14/2021,12/13/2021,12/17/2021,0.141564,,
2021-12-31,iShares Self-Driving EV and Tech ETF,,IDRV,12/31/2021,12/30/2021,01/05/2022,0.262427,,
2021-12-31,iShares U.S. Utilities ETF,,IDU,12/14/2021,12/13/2021,12/17/2021,0.509332,,
2021-12-31,iShares International Select Dividend ETF,,IDV,12/14/2021,12/13/2021,12/17/2021,0.301989,,
2021-12-31,iShares Evolved U.S. Consumer Staples ETF,,IECS,12/14/2021,12/13/2021,12/17/2021,0.241176,,
2021-12-31,iShares Evolved U.S. Discretionary Spending ETF,,IEDI,12/14/2021,12/13/2021,12/17/2021,0.084177,,
2021-12-31,iShares 7-10 Year Treasury Bond ETF,,IEF,12/02/2021,12/01/2021,12/07/2021,0.087705,,
2021-12-31,iShares 7-10 Year Treasury Bond ETF,,IEF,12/17/2021,12/16/2021,12/22/2021,0.105857,,
2021-12-31,iShares Core MSCI EAFE ETF,,IEFA,12/14/2021,12/13/2021,12/17/2021,1.277222,,
2021-12-31,iShares Core MSCI EAFE ETF,,IEFA,12/31/2021,12/30/2021,01/05/2022,0.109692,,
2021-12-31,iShares Evolved U.S. Financials ETF,,IEFN,12/14/2021,12/13/2021,12/17/2021,0.132752,,
2021-12-31,iShares Evolved U.S. Financials ETF,,IEFN,12/31/2021,12/30/2021,01/05/2022,0.016629,,
2021-12-31,iShares Evolved U.S. Healthcare Staples ETF,,IEHS,12/14/2021,12/13/2021,12/17/2021,0.100088,,
2021-12-31,iShares 3-7 Year Treasury Bond ETF,,IEI,12/02/2021,12/01/2021,12/07/2021,0.076326,,
2021-12-31,iShares 3-7 Year Treasury Bond ETF,,IEI,12/17/2021,12/16/2021,12/22/2021,0.082983,,
2021-12-31,iShares Evolved U.S. Innovative Healthcare ETF,,IEIH,12/14/2021,12/13/2021,12/17/2021,0.510246,,
2021-12-31,iShares Evolved U.S. Media and Entertainment ETF,,IEME,12/14/2021,12/13/2021,12/17/2021,0.255890,,
2021-12-31,iShares Core MSCI Emerging Markets ETF,,IEMG,12/14/2021,12/13/2021,12/17/2021,1.361337,,
2021-12-31,iShares U.S. Oil & Gas Exploration & Production ETF,,IEO,12/14/2021,12/13/2021,12/17/2021,0.566144,,
2021-12-31,iShares Evolved U.S. Technology ETF,,IETC,12/14/2021,12/13/2021,12/17/2021,0.279292,,
2021-12-31,iShares Core MSCI Europe ETF,,IEUR,12/14/2021,12/13/2021,12/17/2021,0.719350,,
2021-12-31,iShares Core MSCI Europe ETF,,IEUR,12/31/2021,12/30/2021,01/05/2022,0.077126,,
2021-12-31,iShares MSCI Europe Small-Cap ETF,,IEUS,12/14/2021,12/13/2021,12/17/2021,0.914175,,
2021-12-31,iShares MSCI Europe Small-Cap ETF,,IEUS,12/31/2021,12/30/2021,01/05/2022,0.130979,,
2021-12-31,iShares Europe ETF,,IEV,12/14/2021,12/13/2021,12/17/2021,0.590073,,
2021-12-31,iShares Europe ETF,,IEV,12/31/2021,12/30/2021,01/05/2022,0.064342,,
2021-12-31,iShares U.S. Oil Equipment & Services ETF,,IEZ,12/14/2021,12/13/2021,12/17/2021,0.033470,,
2021-12-31,iShares International Developed Real Estate ETF,,IFGL,12/14/2021,12/13/2021,12/17/2021,0.174523,,
2021-12-31,iShares U.S. Infrastructure ETF,,IFRA,12/14/2021,12/13/2021,12/17/2021,0.197768,,
2021-12-31,iShares Interest Rate Hedged Long-Term Corporate Bond ETF,,IGBH,12/03/2021,12/02/2021,12/08/2021,0.254712,,
2021-12-31,iShares Interest Rate Hedged Long-Term Corporate Bond ETF,,IGBH,12/27/2021,12/23/2021,12/30/2021,0.032078,,
2021-12-31,iShares North American Natural Resources ETF,,IGE,12/14/2021,12/13/2021,12/17/2021,0.239936,,
2021-12-31,iShares Investment Grade Bond Factor ETF,,IGEB,12/02/2021,12/01/2021,12/07/2021,0.730309,,
2021-12-31,iShares Investment Grade Bond Factor ETF,,IGEB,12/17/2021,12/16/2021,12/22/2021,0.108236,,
2021-12-31,iShares Global Infrastructure ETF,,IGF,12/14/2021,12/13/2021,12/17/2021,0.473765,,
2021-12-31,iShares 5-10 Year Investment Grade Corporate Bond ETF,,IGIB,12/02/2021,12/01/2021,12/07/2021,0.241525,,
2021-12-31,iShares 5-10 Year Investment Grade Corporate Bond ETF,,IGIB,12/17/2021,12/16/2021,12/22/2021,0.117138,,
2021-12-31,iShares 10+ Year Investment Grade Corporate Bond ETF,,IGLB,12/02/2021,12/01/2021,12/07/2021,0.180246,,
2021-12-31,iShares 10+ Year Investment Grade Corporate Bond ETF,,IGLB,12/17/2021,12/16/2021,12/22/2021,0.183341,,
2021-12-31,iShares Expanded Tech Sector ETF,,IGM,12/14/2021,12/13/2021,12/17/2021,0.173318,,
2021-12-31,iShares North American Tech-Multimedia Networking ETF,,IGN,12/14/2021,12/13/2021,12/17/2021,0.024772,,
2021-12-31,iShares International Treasury Bond ETF,,IGOV,12/17/2021,12/16/2021,12/22/2021,0.196847,,
2021-12-31,iShares International Dividend Growth ETF,,IGRO,12/14/2021,12/13/2021,12/17/2021,0.280420,,
2021-12-31,iShares 1-5 Year Investment Grade Corporate Bond ETF,,IGSB,12/02/2021,12/01/2021,12/07/2021,0.155140,,
2021-12-31,iShares 1-5 Year Investment Grade Corporate Bond ETF,,IGSB,12/17/2021,12/16/2021,12/22/2021,0.074796,,
2021-12-31,iShares Cybersecurity and Tech ETF,,IHAK,12/14/2021,12/13/2021,12/17/2021,0.212633,,
2021-12-31,iShares U.S. Pharmaceuticals ETF,,IHE,12/14/2021,12/13/2021,12/17/2021,0.789795,,
2021-12-31,iShares U.S. Healthcare Providers ETF,,IHF,12/14/2021,12/13/2021,12/17/2021,0.359507,,
2021-12-31,iShares U.S. Medical Devices ETF,,IHI,12/14/2021,12/13/2021,12/17/2021,0.073631,,
2021-12-31,iShares U.S. Medical Devices ETF,,IHI,12/31/2021,12/30/2021,01/05/2022,0.006096,,
2021-12-31,iShares Core S&P Mid-Cap ETF,,IJH,12/14/2021,12/13/2021,12/17/2021,0.965556,,
2021-12-31,iShares S&P Mid-Cap 400 Value ETF,,IJJ,12/14/2021,12/13/2021,12/17/2021,0.508714,,
2021-12-31,iShares S&P Mid-Cap 400 Growth ETF,,IJK,12/14/2021,12/13/2021,12/17/2021,0.133988,,
2021-12-31,iShares Core S&P Small-Cap ETF,,IJR,12/14/2021,12/13/2021,12/17/2021,0.734267,,
2021-12-31,iShares S&P Small-Cap 600 Value ETF,,IJS,12/14/2021,12/13/2021,12/17/2021,0.494152,,
2021-12-31,iShares S&P Small-Cap 600 Growth ETF,,IJT,12/14/2021,12/13/2021,12/17/2021,0.212804,,
2021-12-31,iShares Morningstar U.S. Equity ETF,,ILCB,12/14/2021,12/13/2021,12/17/2021,0.235682,,
2021-12-31,iShares Morningstar Growth ETF,,ILCG,12/14/2021,12/13/2021,12/17/2021,0.084601,,
2021-12-31,iShares Morningstar Value ETF,,ILCV,12/14/2021,12/13/2021,12/17/2021,0.403535,,
2021-12-31,iShares Latin America 40 ETF,,ILF,12/14/2021,12/13/2021,12/17/2021,1.608915,,
2021-12-31,iShares Core 10+ Year USD Bond ETF,,ILTB,12/02/2021,12/01/2021,12/07/2021,0.177681,,
2021-12-31,iShares Core 10+ Year USD Bond ETF,,ILTB,12/17/2021,12/16/2021,12/22/2021,0.191055,,
2021-12-31,iShares Morningstar Mid-Cap ETF,,IMCB,12/14/2021,12/13/2021,12/17/2021,0.241356,,
2021-12-31,iShares Morningstar Mid-Cap Growth ETF,,IMCG,12/14/2021,12/13/2021,12/17/2021,0.111396,,
2021-12-31,iShares Morningstar Mid-Cap Value ETF,,IMCV,12/14/2021,12/13/2021,12/17/2021,0.362288,,
2021-12-31,iShares Core 5-10 Year USD Bond ETF,,IMTB,12/02/2021,12/01/2021,12/07/2021,0.460851,,
2021-12-31,iShares Core 5-10 Year USD Bond ETF,,IMTB,12/17/2021,12/16/2021,12/22/2021,0.032556,,
2021-12-31,iShares MSCI Intl Momentum Factor ETF,,IMTM,12/14/2021,12/13/2021,12/17/2021,1.661214,,
2021-12-31,iShares MSCI Intl Momentum Factor ETF,,IMTM,12/31/2021,12/30/2021,01/05/2022,0.086251,,
2021-12-31,iShares MSCI India ETF,,INDA,12/14/2021,12/13/2021,12/17/2021,2.879402,,
2021-12-31,iShares MSCI India ETF,,INDA,12/31/2021,12/30/2021,01/05/2022,0.030092,,
2021-12-31,iShares India 50 ETF,,INDY,12/14/2021,12/13/2021,12/17/2021,3.360641,,
2021-12-31,BlackRock Intermediate Muni Income Bond ETF,,INMU,12/02/2021,12/01/2021,12/07/2021,0.105484,,
2021-12-31,BlackRock Intermediate Muni Income Bond ETF,,INMU,12/17/2021,12/16/2021,12/22/2021,0.024650,,
2021-12-31,iShares MSCI Intl Multifactor ETF,,INTF,12/14/2021,12/13/2021,12/17/2021,0.710771,,
2021-12-31,iShares MSCI Intl Multifactor ETF,,INTF,12/31/2021,12/30/2021,01/05/2022,0.161152,,
2021-12-31,iShares Global 100 ETF,,IOO,12/14/2021,12/13/2021,12/17/2021,0.522340,,
2021-12-31,iShares Global 100 ETF,,IOO,12/31/2021,12/30/2021,01/05/2022,0.049212,,
2021-12-31,iShares Core MSCI Pacific ETF,,IPAC,12/14/2021,12/13/2021,12/17/2021,1.555475,,
2021-12-31,iShares Core MSCI Pacific ETF,,IPAC,12/31/2021,12/30/2021,01/05/2022,0.207740,,
2021-12-31,iShares MSCI Intl Quality Factor ETF,,IQLT,12/14/2021,12/13/2021,12/17/2021,0.402962,,
2021-12-31,iShares Robotics and Artificial Intelligence Multisector ETF,,IRBO,12/14/2021,12/13/2021,12/17/2021,0.911952,,
2021-12-31,iShares Morningstar Small-Cap ETF,,ISCB,12/14/2021,12/13/2021,12/17/2021,0.234855,,
2021-12-31,iShares MSCI Intl Small-Cap Multifactor ETF,,ISCF,12/14/2021,12/13/2021,12/17/2021,0.960216,,
2021-12-31,iShares MSCI Intl Small-Cap Multifactor ETF,,ISCF,12/31/2021,12/30/2021,01/05/2022,0.041346,,
2021-12-31,iShares Morningstar Small-Cap Growth ETF,,ISCG,12/14/2021,12/13/2021,12/17/2021,0.122672,,
2021-12-31,iShares Morningstar Small-Cap Value ETF,,ISCV,12/14/2021,12/13/2021,12/17/2021,0.385022,,
2021-12-31,iShares 1-3 Year International Treasury Bond ETF,,ISHG,12/17/2021,12/16/2021,12/22/2021,1.008497,,
2021-12-31,iShares Core 1-5 Year USD Bond ETF,,ISTB,12/02/2021,12/01/2021,12/07/2021,0.087684,,
2021-12-31,iShares Core 1-5 Year USD Bond ETF,,ISTB,12/17/2021,12/16/2021,12/22/2021,0.057917,,
2021-12-31,iShares International Developed Small Cap Value Factor ETF,,ISVL,12/14/2021,12/13/2021,12/17/2021,0.743800,,
2021-12-31,iShares International Developed Small Cap Value Factor ETF,,ISVL,12/31/2021,12/30/2021,01/05/2022,0.020946,,
2021-12-31,iShares MSCI Intl Size Factor ETF,,ISZE,12/14/2021,12/13/2021,12/17/2021,1.913190,,
2021-12-31,iShares MSCI Intl Size Factor ETF,,ISZE,12/31/2021,12/30/2021,01/05/2022,0.135416,,
2021-12-31,iShares U.S. Aerospace & Defense ETF,,ITA,12/14/2021,12/13/2021,12/17/2021,0.158449,,
2021-12-31,iShares U.S. Home Construction ETF,,ITB,12/14/2021,12/13/2021,12/17/2021,0.068112,,
2021-12-31,iShares Core S&P Total U.S. Stock Market ETF,,ITOT,12/14/2021,12/13/2021,12/17/2021,0.367483,,
2021-12-31,iShares Core Total USD Bond Market ETF,,IUSB,12/02/2021,12/01/2021,12/07/2021,0.066801,,
2021-12-31,iShares Core Total USD Bond Market ETF,,IUSB,12/17/2021,12/16/2021,12/22/2021,0.056379,,
2021-12-31,iShares Core S&P U.S. Growth ETF,,IUSG,12/14/2021,12/13/2021,12/17/2021,0.179723,,
2021-12-31,iShares Core S&P U.S. Value ETF,,IUSV,12/14/2021,12/13/2021,12/17/2021,0.382618,,
2021-12-31,iShares S&P 500 Value ETF,,IVE,12/14/2021,12/13/2021,12/17/2021,0.761496,,
2021-12-31,iShares MSCI Intl Value Factor ETF,,IVLU,12/14/2021,12/13/2021,12/17/2021,0.470779,,
2021-12-31,iShares MSCI Intl Value Factor ETF,,IVLU,12/31/2021,12/30/2021,01/05/2022,0.054583,,
2021-12-31,iShares Core S&P 500 ETF,,IVV,12/14/2021,12/13/2021,12/17/2021,1.498384,,
2021-12-31,iShares S&P 500 Growth ETF,,IVW,12/14/2021,12/13/2021,12/17/2021,0.092651,,
2021-12-31,iShares Russell 1000 ETF,,IWB,12/14/2021,12/13/2021,12/17/2021,0.780145,,
2021-12-31,iShares Micro-Cap ETF,,IWC,12/14/2021,12/13/2021,12/17/2021,0.543413,,
2021-12-31,iShares Russell 1000 Value ETF,,IWD,12/14/2021,12/13/2021,12/17/2021,0.716195,,
2021-12-31,iShares Russell 1000 Growth ETF,,IWF,12/14/2021,12/13/2021,12/17/2021,0.400742,,
2021-12-31,iShares Russell Top 200 ETF,,IWL,12/14/2021,12/13/2021,12/17/2021,0.341054,,
2021-12-31,iShares Russell 2000 ETF,,IWM,12/14/2021,12/13/2021,12/17/2021,0.665520,,
2021-12-31,iShares Russell 2000 Value ETF,,IWN,12/14/2021,12/13/2021,12/17/2021,0.902265,,
2021-12-31,iShares Russell 2000 Growth ETF,,IWO,12/14/2021,12/13/2021,12/17/2021,0.282814,,
2021-12-31,iShares Russell Mid-Cap Growth ETF,,IWP,12/14/2021,12/13/2021,12/17/2021,0.091001,,
2021-12-31,iShares Russell Mid-Cap Growth ETF,,IWP,12/31/2021,12/30/2021,01/05/2022,0.016837,,
2021-12-31,iShares Russell Mid-Cap ETF,,IWR,12/14/2021,12/13/2021,12/17/2021,0.256752,,
2021-12-31,iShares Russell Mid-Cap Value ETF,,IWS,12/14/2021,12/13/2021,12/17/2021,0.512674,,
2021-12-31,iShares Russell 3000 ETF,,IWV,12/14/2021,12/13/2021,12/17/2021,0.811907,,
2021-12-31,iShares Russell Top 200 Value ETF,,IWX,12/14/2021,12/13/2021,12/17/2021,0.354197,,
2021-12-31,iShares Russell Top 200 Growth ETF,,IWY,12/14/2021,12/13/2021,12/17/2021,0.225574,,
2021-12-31,iShares Global Energy ETF,,IXC,12/14/2021,12/13/2021,12/17/2021,0.668072,,
2021-12-31,iShares Global Financials ETF,,IXG,12/14/2021,12/13/2021,12/17/2021,1.034266,,
2021-12-31,iShares Global Financials ETF,,IXG,12/31/2021,12/30/2021,01/05/2022,0.034828,,
2021-12-31,iShares Global Healthcare ETF,,IXJ,12/14/2021,12/13/2021,12/17/2021,0.481873,,
2021-12-31,iShares Global Tech ETF,,IXN,12/14/2021,12/13/2021,12/17/2021,0.159085,,
2021-12-31,iShares Global Tech ETF,,IXN,12/31/2021,12/30/2021,01/05/2022,0.008186,,
2021-12-31,iShares Global Comm Services ETF,,IXP,12/14/2021,12/13/2021,12/17/2021,1.163089,,
2021-12-31,iShares Core MSCI Total International Stock ETF,,IXUS,12/14/2021,12/13/2021,12/17/2021,1.273478,,
2021-12-31,iShares Core MSCI Total International Stock ETF,,IXUS,12/31/2021,12/30/2021,01/05/2022,0.085559,,
2021-12-31,iShares U.S. Consumer Discretionary ETF,,IYC,12/14/2021,12/13/2021,12/17/2021,0.042386,,
2021-12-31,iShares U.S. Energy ETF,,IYE,12/14/2021,12/13/2021,12/17/2021,0.280214,,
2021-12-31,iShares U.S. Financials ETF,,IYF,12/14/2021,12/13/2021,12/17/2021,0.277736,,
2021-12-31,iShares U.S. Financial Services ETF,,IYG,12/14/2021,12/13/2021,12/17/2021,0.696584,,
2021-12-31,iShares U.S. Financial Services ETF,,IYG,12/31/2021,12/30/2021,01/05/2022,0.055450,,
2021-12-31,iShares U.S. Healthcare ETF,,IYH,12/14/2021,12/13/2021,12/17/2021,0.779331,,
2021-12-31,iShares U.S. Industrials ETF,,IYJ,12/14/2021,12/13/2021,12/17/2021,0.205913,,
2021-12-31,iShares U.S. Consumer Staples ETF,,IYK,12/14/2021,12/13/2021,12/17/2021,1.180647,,
2021-12-31,iShares Morningstar Multi-Asset Income ETF,,IYLD,12/03/2021,12/02/2021,12/08/2021,0.024751,,
2021-12-31,iShares Morningstar Multi-Asset Income ETF,,IYLD,12/27/2021,12/23/2021,12/30/2021,0.179491,,
2021-12-31,iShares U.S. Basic Materials ETF,,IYM,12/14/2021,12/13/2021,12/17/2021,0.702462,,
2021-12-31,iShares U.S. Real Estate ETF,,IYR,12/14/2021,12/13/2021,12/17/2021,1.137291,,
2021-12-31,iShares U.S. Transportation ETF,,IYT,12/14/2021,12/13/2021,12/17/2021,0.508226,,
2021-12-31,iShares U.S. Technology ETF,,IYW,12/14/2021,12/13/2021,12/17/2021,0.115237,,
2021-12-31,iShares Dow Jones U.S. ETF,,IYY,12/14/2021,12/13/2021,12/17/2021,0.372347,,
2021-12-31,iShares U.S. Telecommunications ETF,,IYZ,12/14/2021,12/13/2021,12/17/2021,0.088768,,
2021-12-31,iShares JPX-Nikkei 400 ETF,,JPXN,12/14/2021,12/13/2021,12/17/2021,1.279510,,
2021-12-31,iShares Global Utilities ETF,,JXI,12/14/2021,12/13/2021,12/17/2021,0.978714,,
2021-12-31,iShares MSCI Saudi Arabia ETF,,KSA,12/14/2021,12/13/2021,12/17/2021,0.263906,,
2021-12-31,iShares MSCI Saudi Arabia ETF,,KSA,12/31/2021,12/30/2021,01/05/2022,0.017645,,
2021-12-31,iShares MSCI Kuwait ETF,,KWT,12/14/2021,12/13/2021,12/17/2021,2.037500,,
2021-12-31,iShares Global Consumer Staples ETF,,KXI,12/14/2021,12/13/2021,12/17/2021,0.729108,,
2021-12-31,iShares Global Consumer Staples ETF,,KXI,12/31/2021,12/30/2021,01/05/2022,0.047858,,
2021-12-31,BlackRock World ex U.S. Carbon Transition Readiness ETF,,LCTD,12/14/2021,12/13/2021,12/17/2021,0.743332,,
2021-12-31,BlackRock U.S. Carbon Transition Readiness ETF,,LCTU,12/14/2021,12/13/2021,12/17/2021,0.934566,,
2021-12-31,iShares ESG MSCI EM Leaders ETF,,LDEM,12/14/2021,12/13/2021,12/17/2021,0.797304,,
2021-12-31,iShares J.P. Morgan EM Local Currency Bond ETF,,LEMB,12/17/2021,12/16/2021,12/22/2021,1.525864,,
2021-12-31,iShares iBoxx $ Investment Grade Corporate Bond ETF,,LQD,12/02/2021,12/01/2021,12/07/2021,0.238964,,
2021-12-31,iShares iBoxx $ Investment Grade Corporate Bond ETF,,LQD,12/17/2021,12/16/2021,12/22/2021,0.256407,,
2021-12-31,iShares BBB Rated Corporate Bond ETF,,LQDB,12/02/2021,12/01/2021,12/07/2021,0.183551,,
2021-12-31,iShares BBB Rated Corporate Bond ETF,,LQDB,12/17/2021,12/16/2021,12/22/2021,0.184790,,
2021-12-31,iShares Interest Rate Hedged Corporate Bond ETF,,LQDH,12/03/2021,12/02/2021,12/08/2021,0.165103,,
2021-12-31,iShares Interest Rate Hedged Corporate Bond ETF,,LQDH,12/27/2021,12/23/2021,12/30/2021,0.130146,,
2021-12-31,iShares Inflation Hedged Corporate Bond ETF,,LQDI,12/03/2021,12/02/2021,12/08/2021,0.125456,,
2021-12-31,iShares Inflation Hedged Corporate Bond ETF,,LQDI,12/27/2021,12/23/2021,12/30/2021,0.056424,,
2021-12-31,iShares MSCI USA Multifactor ETF,,LRGF,12/14/2021,12/13/2021,12/17/2021,0.167919,,
2021-12-31,iShares MSCI China ETF,,MCHI,12/14/2021,12/13/2021,12/17/2021,0.477479,,
2021-12-31,BlackRock Short Maturity Municipal Bond ETF,,MEAR,12/02/2021,12/01/2021,12/07/2021,0.009017,,
2021-12-31,BlackRock Short Maturity Municipal Bond ETF,,MEAR,12/17/2021,12/16/2021,12/22/2021,0.006694,,
2021-12-31,iShares MSCI USA Mid-Cap Multifactor ETF,,MIDF,12/14/2021,12/13/2021,12/17/2021,0.099378,,
2021-12-31,iShares MSCI USA Momentum Factor ETF,,MTUM,12/14/2021,12/13/2021,12/17/2021,0.444920,,
2021-12-31,iShares National Muni Bond ETF,,MUB,12/02/2021,12/01/2021,12/07/2021,0.168558,,
2021-12-31,iShares National Muni Bond ETF,,MUB,12/17/2021,12/16/2021,12/22/2021,0.163152,,
2021-12-31,iShares Global Materials ETF,,MXI,12/14/2021,12/13/2021,12/17/2021,2.065693,,
2021-12-31,BlackRock Short Maturity Bond ETF,,NEAR,12/02/2021,12/01/2021,12/07/2021,0.026840,,
2021-12-31,BlackRock Short Maturity Bond ETF,,NEAR,12/17/2021,12/16/2021,12/22/2021,0.019571,,
2021-12-31,iShares New York Muni Bond ETF,,NYF,12/02/2021,12/01/2021,12/07/2021,0.086232,,
2021-12-31,iShares New York Muni Bond ETF,,NYF,12/17/2021,12/16/2021,12/22/2021,0.091668,,
2021-12-31,iShares S&P 100 ETF,,OEF,12/14/2021,12/13/2021,12/17/2021,0.613230,,
2021-12-31,iShares Preferred and Income Securities ETF,,PFF,12/02/2021,12/01/2021,12/07/2021,0.123486,,
2021-12-31,iShares Preferred and Income Securities ETF,,PFF,12/17/2021,12/16/2021,12/22/2021,0.126041,,
2021-12-31,iShares MSCI Global Metals & Mining Producers ETF,,PICK,12/14/2021,12/13/2021,12/17/2021,1.748105,,
2021-12-31,iShares MSCI Global Metals & Mining Producers ETF,,PICK,12/31/2021,12/30/2021,01/05/2022,0.057641,,
2021-12-31,iShares MSCI Qatar ETF,,QAT,12/14/2021,12/13/2021,12/17/2021,0.058653,,
2021-12-31,iShares Aaa - A Rated Corporate Bond ETF,,QLTA,12/02/2021,12/01/2021,12/07/2021,0.090373,,
2021-12-31,iShares Aaa - A Rated Corporate Bond ETF,,QLTA,12/17/2021,12/16/2021,12/22/2021,0.093157,,
2021-12-31,iShares MSCI USA Quality Factor ETF,,QUAL,12/14/2021,12/13/2021,12/17/2021,0.407328,,
2021-12-31,iShares Global REIT ETF,,REET,12/14/2021,12/13/2021,12/17/2021,0.338442,,
2021-12-31,iShares Mortgage Real Estate ETF,,REM,12/14/2021,12/13/2021,12/17/2021,1.140608,,
2021-12-31,iShares Residential and Multisector Real Estate ETF,,REZ,12/14/2021,12/13/2021,12/17/2021,0.658146,,
2021-12-31,iShares MSCI Global Gold Miners ETF,,RING,12/14/2021,12/13/2021,12/17/2021,0.330523,,
2021-12-31,iShares Global Consumer Discretionary ETF,,RXI,12/14/2021,12/13/2021,12/17/2021,0.499958,,
2021-12-31,iShares Global Consumer Discretionary ETF,,RXI,12/31/2021,12/30/2021,01/05/2022,0.418887,,
2021-12-31,iShares MSCI Japan Small-Cap ETF,,SCJ,12/14/2021,12/13/2021,12/17/2021,0.818006,,
2021-12-31,iShares MSCI EAFE Small-Cap ETF,,SCZ,12/14/2021,12/13/2021,12/17/2021,1.389532,,
2021-12-31,iShares MSCI EAFE Small-Cap ETF,,SCZ,12/31/2021,12/30/2021,01/05/2022,0.064106,,
2021-12-31,iShares MSCI Global Sustainable Development Goals ETF,,SDG,12/14/2021,12/13/2021,12/17/2021,1.054237,,
2021-12-31,iShares 0-3 Month Treasury Bond ETF,,SGOV,12/02/2021,12/01/2021,12/07/2021,0.003464,,
2021-12-31,iShares 0-3 Month Treasury Bond ETF,,SGOV,12/17/2021,12/16/2021,12/22/2021,0.004798,,
2021-12-31,iShares 1-3 Year Treasury Bond ETF,,SHY,12/02/2021,12/01/2021,12/07/2021,0.049913,,
2021-12-31,iShares 1-3 Year Treasury Bond ETF,,SHY,12/17/2021,12/16/2021,12/22/2021,0.018063,,
2021-12-31,iShares 0-5 Year High Yield Corporate Bond ETF,,SHYG,12/02/2021,12/01/2021,12/07/2021,0.175392,,
2021-12-31,iShares 0-5 Year High Yield Corporate Bond ETF,,SHYG,12/17/2021,12/16/2021,12/22/2021,0.178171,,
2021-12-31,iShares MSCI USA Size Factor ETF,,SIZE,12/14/2021,12/13/2021,12/17/2021,0.383555,,
2021-12-31,iShares 0-5 Year Investment Grade Corporate Bond ETF,,SLQD,12/02/2021,12/01/2021,12/07/2021,0.127666,,
2021-12-31,iShares 0-5 Year Investment Grade Corporate Bond ETF,,SLQD,12/17/2021,12/16/2021,12/22/2021,0.063359,,
2021-12-31,iShares MSCI Global Silver and Metals Miners ETF,,SLVP,12/14/2021,12/13/2021,12/17/2021,0.061409,,
2021-12-31,iShares MSCI India Small-Cap ETF,,SMIN,12/14/2021,12/13/2021,12/17/2021,0.767952,,
2021-12-31,iShares MSCI USA Small-Cap Multifactor ETF,,SMLF,12/14/2021,12/13/2021,12/17/2021,0.304601,,
2021-12-31,iShares Russell 2500 ETF,,SMMD,12/14/2021,12/13/2021,12/17/2021,0.218392,,
2021-12-31,iShares MSCI USA Small-Cap Min Vol Factor ETF,,SMMV,12/14/2021,12/13/2021,12/17/2021,0.064472,,
2021-12-31,iShares Semiconductor ETF,,SOXX,12/14/2021,12/13/2021,12/17/2021,0.873179,,
2021-12-31,iShares Semiconductor ETF,,SOXX,12/31/2021,12/30/2021,01/05/2022,0.154549,,
2021-12-31,iShares 0-5 Year TIPS Bond ETF,,STIP,12/02/2021,12/01/2021,12/07/2021,0.112587,,
2021-12-31,iShares 0-5 Year TIPS Bond ETF,,STIP,12/17/2021,12/16/2021,12/22/2021,0.615969,,
2021-12-31,iShares Factors US Growth Style ETF,,STLG,12/14/2021,12/13/2021,12/17/2021,0.053990,,
2021-12-31,iShares Factors US Value Style ETF,,STLV,12/14/2021,12/13/2021,12/17/2021,0.145956,,
2021-12-31,iShares Short-Term National Muni Bond ETF,,SUB,12/02/2021,12/01/2021,12/07/2021,0.049721,,
2021-12-31,iShares Short-Term National Muni Bond ETF,,SUB,12/17/2021,12/16/2021,12/22/2021,0.040829,,
2021-12-31,iShares MSCI USA ESG Select ETF,,SUSA,12/14/2021,12/13/2021,12/17/2021,0.286762,,
2021-12-31,iShares ESG Aware 1-5 Year USD Corporate Bond ETF,,SUSB,12/02/2021,12/01/2021,12/07/2021,0.062949,,
2021-12-31,iShares ESG Aware 1-5 Year USD Corporate Bond ETF,,SUSB,12/17/2021,12/16/2021,12/22/2021,0.024672,,
2021-12-31,iShares ESG Aware USD Corporate Bond ETF,,SUSC,12/02/2021,12/01/2021,12/07/2021,0.100722,,
2021-12-31,iShares ESG Aware USD Corporate Bond ETF,,SUSC,12/17/2021,12/16/2021,12/22/2021,0.050655,,
2021-12-31,iShares ESG MSCI USA Leaders ETF,,SUSL,12/14/2021,12/13/2021,12/17/2021,0.240857,,
2021-12-31,iShares US Small Cap Value Factor ETF,,SVAL,12/14/2021,12/13/2021,12/17/2021,0.273745,,
2021-12-31,iShares U.S. Tech Breakthrough Multisector ETF,,TECB,12/14/2021,12/13/2021,12/17/2021,0.038273,,
2021-12-31,iShares MSCI Thailand ETF,,THD,12/14/2021,12/13/2021,12/17/2021,1.124094,,
2021-12-31,iShares TIPS Bond ETF,,TIP,12/02/2021,12/01/2021,12/07/2021,0.185957,,
2021-12-31,iShares TIPS Bond ETF,,TIP,12/17/2021,12/16/2021,12/22/2021,0.786249,,
2021-12-31,iShares 10-20 Year Treasury Bond ETF,,TLH,12/02/2021,12/01/2021,12/07/2021,0.203021,,
2021-12-31,iShares 10-20 Year Treasury Bond ETF,,TLH,12/17/2021,12/16/2021,12/22/2021,0.213624,,
2021-12-31,iShares 20+ Year Treasury Bond ETF,,TLT,12/02/2021,12/01/2021,12/07/2021,0.184159,,
2021-12-31,iShares 20+ Year Treasury Bond ETF,,TLT,12/17/2021,12/16/2021,12/22/2021,0.167606,,
2021-12-31,iShares MSCI Kokusai ETF,,TOK,12/14/2021,12/13/2021,12/17/2021,0.931706,,
2021-12-31,iShares MSCI Kokusai ETF,,TOK,12/31/2021,12/30/2021,01/05/2022,0.017880,,
2021-12-31,iShares MSCI Turkey ETF,,TUR,12/14/2021,12/13/2021,12/17/2021,0.091454,,
2021-12-31,iShares MSCI UAE ETF,,UAE,12/14/2021,12/13/2021,12/17/2021,0.282863,,
2021-12-31,iShares MSCI World ETF,,URTH,12/14/2021,12/13/2021,12/17/2021,0.954506,,
2021-12-31,iShares MSCI World ETF,,URTH,12/31/2021,12/30/2021,01/05/2022,0.076610,,
2021-12-31,iShares USD Bond Factor ETF,,USBF,12/02/2021,12/01/2021,12/07/2021,0.183365,,
2021-12-31,iShares USD Bond Factor ETF,,USBF,12/17/2021,12/16/2021,12/22/2021,0.112801,,
2021-12-31,iShares Broad USD High Yield Corporate Bond ETF,,USHY,12/02/2021,12/01/2021,12/07/2021,0.162077,,
2021-12-31,iShares Broad USD High Yield Corporate Bond ETF,,USHY,12/17/2021,12/16/2021,12/22/2021,0.173583,,
2021-12-31,iShares Broad USD Investment Grade Corporate Bond ETF,,USIG,12/02/2021,12/01/2021,12/07/2021,0.110830,,
2021-12-31,iShares Broad USD Investment Grade Corporate Bond ETF,,USIG,12/17/2021,12/16/2021,12/22/2021,0.125366,,
2021-12-31,iShares MSCI USA Min Vol Factor ETF,,USMV,12/14/2021,12/13/2021,12/17/2021,0.250394,,
2021-12-31,iShares Core U.S. REIT ETF,,USRT,12/14/2021,12/13/2021,12/17/2021,0.588828,,
2021-12-31,iShares ESG Advanced MSCI USA ETF,,USXF,12/14/2021,12/13/2021,12/17/2021,0.114224,,
2021-12-31,iShares MSCI Global Agriculture Producers ETF,,VEGI,12/14/2021,12/13/2021,12/17/2021,0.371198,,
2021-12-31,iShares MSCI Global Agriculture Producers ETF,,VEGI,12/31/2021,12/30/2021,01/05/2022,0.025279,,
2021-12-31,iShares MSCI USA Value Factor ETF,,VLUE,12/14/2021,12/13/2021,12/17/2021,0.739524,,
2021-12-31,iShares Global Timber & Forestry ETF,,WOOD,12/14/2021,12/13/2021,12/17/2021,0.275117,,
2021-12-31,iShares International Developed Property ETF,,WPS,12/14/2021,12/13/2021,12/17/2021,0.553477,,
2021-12-31,iShares ESG Screened S&P Mid-Cap ETF,,XJH,12/14/2021,12/13/2021,12/17/2021,0.132008,,
2021-12-31,iShares ESG Screened S&P Mid-Cap ETF,,XJH,12/31/2021,12/30/2021,01/05/2022,0.005762,,
2021-12-31,iShares ESG Screened S&P Small-Cap ETF,,XJR,12/14/2021,12/13/2021,12/17/2021,0.262248,,
2021-12-31,iShares Exponential Technologies ETF,,XT,12/14/2021,12/13/2021,12/17/2021,0.280389,,
2021-12-31,iShares ESG Screened S&P 500 ETF,,XVV,12/14/2021,12/13/2021,12/17/2021,0.085475,,
2021-12-31,iShares ESG Screened S&P 500 ETF,,XVV,12/31/2021,12/30/2021,01/05/2022,0.003165,,
